{
"lengthUnit": "mil",
"components": {
	"fields": ["COMPONENT_NO", "COMPONENT_NAME", "LAYER", "X_COORDINATE", "Y_COORDINATE", "ANGLE"],
	"rows": [
		[1, "H1", "T", 1653.82, 818.82, 0],
		[2, "SW1", "T", -420, 720, 0],
		[3, "SW2", "T", -0.89, 720, 0],
		[4, "SW3", "T", 445, 715, 0],
		[5, "SW4", "B", 590, 1800, 270],
		[6, "WEMOS1", "B", -10, -110, 180]
	]
},
"pins": {
	"fields": ["PIN_NO", "PIN_NAME", "PIN_X", "PIN_Y", "LAYER", "PIN_TYPE", "NET_NAME", "NET_TYPE", "PAD_SHAPE", "PAD_SIZEX", "PAD_SIZEY", "HOLE_SIZE", "PAD_ANGLE"],
	"rows": [
		[1, "H1_1", -151.18, 2058.82, "T", "DIP", "H1_1", "", "C", 60, 60, 36, 0],
		[2, "H1_1", -151.18, 2058.82, "B", "DIP", "H1_1", "", "C", 60, 60, 36, 0],
		[3, "H1_2", -51.18, 2058.82, "T", "DIP", "H1_2", "", "C", 60, 60, 36, 0],
		[4, "H1_2", -51.18, 2058.82, "B", "DIP", "H1_2", "", "C", 60, 60, 36, 0],
		[5, "H1_3", 48.82, 2058.82, "T", "DIP", "H1_3", "", "C", 60, 60, 36, 0],
		[6, "H1_3", 48.82, 2058.82, "B", "DIP", "H1_3", "", "C", 60, 60, 36, 0],
		[7, "H1_4", 148.82, 2058.82, "T", "DIP", "H1_4", "", "C", 60, 60, 36, 0],
		[8, "H1_4", 148.82, 2058.82, "B", "DIP", "H1_4", "", "C", 60, 60, 36, 0],
		[9, "SW1_1", -547.95, 796.77, "T", "DIP", "SW1_1", "", "C", 78.74, 78.74, 47.24, 180],
		[10, "SW1_1", -547.95, 796.77, "B", "DIP", "SW1_1", "", "C", 78.74, 78.74, 47.24, 180],
		[11, "SW1_2", -292.05, 796.77, "T", "DIP", "SW1_2", "", "C", 78.74, 78.74, 47.24, 180],
		[12, "SW1_2", -292.05, 796.77, "B", "DIP", "SW1_2", "", "C", 78.74, 78.74, 47.24, 180],
		[13, "SW1_3", -547.95, 643.23, "T", "DIP", "SW1_3", "", "C", 78.74, 78.74, 47.24, 180],
		[14, "SW1_3", -547.95, 643.23, "B", "DIP", "SW1_3", "", "C", 78.74, 78.74, 47.24, 180],
		[15, "SW1_4", -292.05, 643.23, "T", "DIP", "SW1_4", "", "C", 78.74, 78.74, 47.24, 180],
		[16, "SW1_4", -292.05, 643.23, "B", "DIP", "SW1_4", "", "C", 78.74, 78.74, 47.24, 180],
		[17, "SW2_1", -128.84, 796.77, "T", "DIP", "SW2_1", "", "C", 78.74, 78.74, 47.24, 180],
		[18, "SW2_1", -128.84, 796.77, "B", "DIP", "SW2_1", "", "C", 78.74, 78.74, 47.24, 180],
		[19, "SW2_2", 127.06, 796.77, "T", "DIP", "SW2_2", "", "C", 78.74, 78.74, 47.24, 180],
		[20, "SW2_2", 127.06, 796.77, "B", "DIP", "SW2_2", "", "C", 78.74, 78.74, 47.24, 180],
		[21, "SW2_3", -128.84, 643.23, "T", "DIP", "SW2_3", "", "C", 78.74, 78.74, 47.24, 180],
		[22, "SW2_3", -128.84, 643.23, "B", "DIP", "SW2_3", "", "C", 78.74, 78.74, 47.24, 180],
		[23, "SW2_4", 127.06, 643.23, "T", "DIP", "SW2_4", "", "C", 78.74, 78.74, 47.24, 180],
		[24, "SW2_4", 127.06, 643.23, "B", "DIP", "SW2_4", "", "C", 78.74, 78.74, 47.24, 180],
		[25, "SW3_1", 317.05, 791.77, "T", "DIP", "SW3_1", "", "C", 78.74, 78.74, 47.24, 180],
		[26, "SW3_1", 317.05, 791.77, "B", "DIP", "SW3_1", "", "C", 78.74, 78.74, 47.24, 180],
		[27, "SW3_2", 572.95, 791.77, "T", "DIP", "SW3_2", "", "C", 78.74, 78.74, 47.24, 180],
		[28, "SW3_2", 572.95, 791.77, "B", "DIP", "SW3_2", "", "C", 78.74, 78.74, 47.24, 180],
		[29, "SW3_3", 317.05, 638.23, "T", "DIP", "SW3_3", "", "C", 78.74, 78.74, 47.24, 180],
		[30, "SW3_3", 317.05, 638.23, "B", "DIP", "SW3_3", "", "C", 78.74, 78.74, 47.24, 180],
		[31, "SW3_4", 572.95, 638.23, "T", "DIP", "SW3_4", "", "C", 78.74, 78.74, 47.24, 180],
		[32, "SW3_4", 572.95, 638.23, "B", "DIP", "SW3_4", "", "C", 78.74, 78.74, 47.24, 180],
		[33, "SW4_1", 526.02, 1888.58, "B", "SMD", "SW4_1", "", "R", 31.5, 78.74, 0, 270],
		[34, "SW4_2", 526.02, 1770.47, "B", "SMD", "SW4_2", "", "R", 31.5, 78.74, 0, 270],
		[35, "SW4_3", 526.02, 1711.42, "B", "SMD", "SW4_3", "", "R", 31.5, 78.74, 0, 270],
		[36, "SW4_4", 565.39, 1944.68, "B", "SMD", "SW4_4", "", "R", 55.12, 31.5, 0, 270],
		[37, "SW4_5", 565.39, 1655.32, "B", "SMD", "SW4_5", "", "R", 55.12, 31.5, 0, 270],
		[38, "SW4_6", 653.98, 1944.68, "B", "SMD", "SW4_6", "", "R", 55.12, 31.5, 0, 270],
		[39, "SW4_7", 653.98, 1655.32, "B", "SMD", "SW4_7", "", "R", 55.12, 31.5, 0, 270],
		[40, "WEMOS1_3V3", 390, -510, "T", "DIP", "WEMOS1_3V3", "", "O", 144, 72, 40, 0],
		[41, "WEMOS1_3V3", 390, -510, "B", "DIP", "WEMOS1_3V3", "", "O", 144, 72, 40, 0],
		[42, "WEMOS1_5V", -510, -510, "T", "DIP", "WEMOS1_5V", "", "O", 144, 72, 40, 180],
		[43, "WEMOS1_5V", -510, -510, "B", "DIP", "WEMOS1_5V", "", "O", 144, 72, 40, 180],
		[44, "WEMOS1_A0", 390, 90, "T", "DIP", "WEMOS1_A0", "", "O", 144, 72, 40, 0],
		[45, "WEMOS1_A0", 390, 90, "B", "DIP", "WEMOS1_A0", "", "O", 144, 72, 40, 0],
		[46, "WEMOS1_D0", 390, -10, "T", "DIP", "WEMOS1_D0", "", "O", 144, 72, 40, 0],
		[47, "WEMOS1_D0", 390, -10, "B", "DIP", "WEMOS1_D0", "", "O", 144, 72, 40, 0],
		[48, "WEMOS1_D1", -510, -10, "T", "DIP", "WEMOS1_D1", "", "O", 144, 72, 40, 180],
		[49, "WEMOS1_D1", -510, -10, "B", "DIP", "WEMOS1_D1", "", "O", 144, 72, 40, 180],
		[50, "WEMOS1_D2", -510, -110, "T", "DIP", "WEMOS1_D2", "", "O", 144, 72, 40, 180],
		[51, "WEMOS1_D2", -510, -110, "B", "DIP", "WEMOS1_D2", "", "O", 144, 72, 40, 180],
		[52, "WEMOS1_D3", -510, -210, "T", "DIP", "WEMOS1_D3", "", "O", 144, 72, 40, 180],
		[53, "WEMOS1_D3", -510, -210, "B", "DIP", "WEMOS1_D3", "", "O", 144, 72, 40, 180],
		[54, "WEMOS1_D4", -510, -310, "T", "DIP", "WEMOS1_D4", "", "O", 144, 72, 40, 180],
		[55, "WEMOS1_D4", -510, -310, "B", "DIP", "WEMOS1_D4", "", "O", 144, 72, 40, 180],
		[56, "WEMOS1_D5", 390, -110, "T", "DIP", "WEMOS1_D5", "", "O", 144, 72, 40, 0],
		[57, "WEMOS1_D5", 390, -110, "B", "DIP", "WEMOS1_D5", "", "O", 144, 72, 40, 0],
		[58, "WEMOS1_D6", 390, -210, "T", "DIP", "WEMOS1_D6", "", "O", 144, 72, 40, 0],
		[59, "WEMOS1_D6", 390, -210, "B", "DIP", "WEMOS1_D6", "", "O", 144, 72, 40, 0],
		[60, "WEMOS1_D7", 390, -310, "T", "DIP", "WEMOS1_D7", "", "O", 144, 72, 40, 0],
		[61, "WEMOS1_D7", 390, -310, "B", "DIP", "WEMOS1_D7", "", "O", 144, 72, 40, 0],
		[62, "WEMOS1_D8", 390, -410, "T", "DIP", "WEMOS1_D8", "", "O", 144, 72, 40, 0],
		[63, "WEMOS1_D8", 390, -410, "B", "DIP", "WEMOS1_D8", "", "O", 144, 72, 40, 0],
		[64, "WEMOS1_GND", -510, -410, "T", "DIP", "WEMOS1_GND", "", "O", 144, 72, 40, 180],
		[65, "WEMOS1_GND", -510, -410, "B", "DIP", "WEMOS1_GND", "", "O", 144, 72, 40, 180],
		[66, "WEMOS1_RESET", 390, 190, "T", "DIP", "WEMOS1_RESET", "", "O", 144, 72, 40, 0],
		[67, "WEMOS1_RESET", 390, 190, "B", "DIP", "WEMOS1_RESET", "", "O", 144, 72, 40, 0],
		[68, "WEMOS1_RX", -510, 90, "T", "DIP", "WEMOS1_RX", "", "O", 144, 72, 40, 180],
		[69, "WEMOS1_RX", -510, 90, "B", "DIP", "WEMOS1_RX", "", "O", 144, 72, 40, 180],
		[70, "WEMOS1_TX", -510, 190, "T", "DIP", "WEMOS1_TX", "", "O", 144, 72, 40, 180],
		[71, "WEMOS1_TX", -510, 190, "B", "DIP", "WEMOS1_TX", "", "O", 144, 72, 40, 180]
	]
}
}