{
"lengthUnit": "mil",
"components": {
	"fields": ["COMPONENT_NO", "COMPONENT_NAME", "LAYER", "X_COORDINATE", "Y_COORDINATE", "ANGLE"],
	"rows": [
		[1, "H1", "T", -1011.18, 2113.82, 0],
		[2, "SW1", "T", -3085, 2015, 0],
		[3, "SW2", "T", -2665.89, 2015, 0],
		[4, "SW3", "T", -2220, 2010, 0],
		[5, "SW4", "B", -2075, 3095, 270],
		[6, "WEMOS1", "B", -2605, 2005, 90]
	]
},
"pins": {
	"fields": ["PIN_NO", "PIN_NAME", "PIN_X", "PIN_Y", "LAYER", "PIN_TYPE", "NET_NAME", "NET_TYPE", "PAD_SHAPE", "PAD_SIZEX", "PAD_SIZEY", "HOLE_SIZE", "PAD_ANGLE"],
	"rows": [
		[1, "H1_1", -2816.18, 3353.82, "T", "DIP", "H1_1", "", "C", 60, 60, 36, 0],
		[2, "H1_1", -2816.18, 3353.82, "B", "DIP", "H1_1", "", "C", 60, 60, 36, 0],
		[3, "H1_2", -2716.18, 3353.82, "T", "DIP", "H1_2", "", "C", 60, 60, 36, 0],
		[4, "H1_2", -2716.18, 3353.82, "B", "DIP", "H1_2", "", "C", 60, 60, 36, 0],
		[5, "H1_3", -2616.18, 3353.82, "T", "DIP", "H1_3", "", "C", 60, 60, 36, 0],
		[6, "H1_3", -2616.18, 3353.82, "B", "DIP", "H1_3", "", "C", 60, 60, 36, 0],
		[7, "H1_4", -2516.18, 3353.82, "T", "DIP", "H1_4", "", "C", 60, 60, 36, 0],
		[8, "H1_4", -2516.18, 3353.82, "B", "DIP", "H1_4", "", "C", 60, 60, 36, 0],
		[9, "SW1_1", -3212.95, 2091.77, "T", "DIP", "SW1_1", "", "C", 78.74, 78.74, 47.24, 180],
		[10, "SW1_1", -3212.95, 2091.77, "B", "DIP", "SW1_1", "", "C", 78.74, 78.74, 47.24, 180],
		[11, "SW1_2", -2957.05, 2091.77, "T", "DIP", "SW1_2", "", "C", 78.74, 78.74, 47.24, 180],
		[12, "SW1_2", -2957.05, 2091.77, "B", "DIP", "SW1_2", "", "C", 78.74, 78.74, 47.24, 180],
		[13, "SW1_3", -3212.95, 1938.23, "T", "DIP", "SW1_3", "", "C", 78.74, 78.74, 47.24, 180],
		[14, "SW1_3", -3212.95, 1938.23, "B", "DIP", "SW1_3", "", "C", 78.74, 78.74, 47.24, 180],
		[15, "SW1_4", -2957.05, 1938.23, "T", "DIP", "SW1_4", "", "C", 78.74, 78.74, 47.24, 180],
		[16, "SW1_4", -2957.05, 1938.23, "B", "DIP", "SW1_4", "", "C", 78.74, 78.74, 47.24, 180],
		[17, "SW2_1", -2793.84, 2091.77, "T", "DIP", "SW2_1", "", "C", 78.74, 78.74, 47.24, 180],
		[18, "SW2_1", -2793.84, 2091.77, "B", "DIP", "SW2_1", "", "C", 78.74, 78.74, 47.24, 180],
		[19, "SW2_2", -2537.94, 2091.77, "T", "DIP", "SW2_2", "", "C", 78.74, 78.74, 47.24, 180],
		[20, "SW2_2", -2537.94, 2091.77, "B", "DIP", "SW2_2", "", "C", 78.74, 78.74, 47.24, 180],
		[21, "SW2_3", -2793.84, 1938.23, "T", "DIP", "SW2_3", "", "C", 78.74, 78.74, 47.24, 180],
		[22, "SW2_3", -2793.84, 1938.23, "B", "DIP", "SW2_3", "", "C", 78.74, 78.74, 47.24, 180],
		[23, "SW2_4", -2537.94, 1938.23, "T", "DIP", "SW2_4", "", "C", 78.74, 78.74, 47.24, 180],
		[24, "SW2_4", -2537.94, 1938.23, "B", "DIP", "SW2_4", "", "C", 78.74, 78.74, 47.24, 180],
		[25, "SW3_1", -2347.95, 2086.77, "T", "DIP", "SW3_1", "", "C", 78.74, 78.74, 47.24, 180],
		[26, "SW3_1", -2347.95, 2086.77, "B", "DIP", "SW3_1", "", "C", 78.74, 78.74, 47.24, 180],
		[27, "SW3_2", -2092.05, 2086.77, "T", "DIP", "SW3_2", "", "C", 78.74, 78.74, 47.24, 180],
		[28, "SW3_2", -2092.05, 2086.77, "B", "DIP", "SW3_2", "", "C", 78.74, 78.74, 47.24, 180],
		[29, "SW3_3", -2347.95, 1933.23, "T", "DIP", "SW3_3", "", "C", 78.74, 78.74, 47.24, 180],
		[30, "SW3_3", -2347.95, 1933.23, "B", "DIP", "SW3_3", "", "C", 78.74, 78.74, 47.24, 180],
		[31, "SW3_4", -2092.05, 1933.23, "T", "DIP", "SW3_4", "", "C", 78.74, 78.74, 47.24, 180],
		[32, "SW3_4", -2092.05, 1933.23, "B", "DIP", "SW3_4", "", "C", 78.74, 78.74, 47.24, 180],
		[33, "SW4_1", -2138.98, 3183.58, "B", "SMD", "SW4_1", "", "R", 31.5, 78.74, 0, 270],
		[34, "SW4_2", -2138.98, 3065.47, "B", "SMD", "SW4_2", "", "R", 31.5, 78.74, 0, 270],
		[35, "SW4_3", -2138.98, 3006.42, "B", "SMD", "SW4_3", "", "R", 31.5, 78.74, 0, 270],
		[36, "SW4_4", -2099.61, 3239.68, "B", "SMD", "SW4_4", "", "R", 55.12, 31.5, 0, 270],
		[37, "SW4_5", -2099.61, 2950.32, "B", "SMD", "SW4_5", "", "R", 55.12, 31.5, 0, 270],
		[38, "SW4_6", -2011.02, 3239.68, "B", "SMD", "SW4_6", "", "R", 55.12, 31.5, 0, 270],
		[39, "SW4_7", -2011.02, 2950.32, "B", "SMD", "SW4_7", "", "R", 55.12, 31.5, 0, 270],
		[40, "WEMOS1_3V3", -3005, 1605, "T", "DIP", "WEMOS1_3V3", "", "O", 144, 72, 40, 270],
		[41, "WEMOS1_3V3", -3005, 1605, "B", "DIP", "WEMOS1_3V3", "", "O", 144, 72, 40, 270],
		[42, "WEMOS1_5V", -3005, 2505, "T", "DIP", "WEMOS1_5V", "", "O", 144, 72, 40, 90],
		[43, "WEMOS1_5V", -3005, 2505, "B", "DIP", "WEMOS1_5V", "", "O", 144, 72, 40, 90],
		[44, "WEMOS1_A0", -2405, 1605, "T", "DIP", "WEMOS1_A0", "", "O", 144, 72, 40, 270],
		[45, "WEMOS1_A0", -2405, 1605, "B", "DIP", "WEMOS1_A0", "", "O", 144, 72, 40, 270],
		[46, "WEMOS1_D0", -2505, 1605, "T", "DIP", "WEMOS1_D0", "", "O", 144, 72, 40, 270],
		[47, "WEMOS1_D0", -2505, 1605, "B", "DIP", "WEMOS1_D0", "", "O", 144, 72, 40, 270],
		[48, "WEMOS1_D1", -2505, 2505, "T", "DIP", "WEMOS1_D1", "", "O", 144, 72, 40, 90],
		[49, "WEMOS1_D1", -2505, 2505, "B", "DIP", "WEMOS1_D1", "", "O", 144, 72, 40, 90],
		[50, "WEMOS1_D2", -2605, 2505, "T", "DIP", "WEMOS1_D2", "", "O", 144, 72, 40, 90],
		[51, "WEMOS1_D2", -2605, 2505, "B", "DIP", "WEMOS1_D2", "", "O", 144, 72, 40, 90],
		[52, "WEMOS1_D3", -2705, 2505, "T", "DIP", "WEMOS1_D3", "", "O", 144, 72, 40, 90],
		[53, "WEMOS1_D3", -2705, 2505, "B", "DIP", "WEMOS1_D3", "", "O", 144, 72, 40, 90],
		[54, "WEMOS1_D4", -2805, 2505, "T", "DIP", "WEMOS1_D4", "", "O", 144, 72, 40, 90],
		[55, "WEMOS1_D4", -2805, 2505, "B", "DIP", "WEMOS1_D4", "", "O", 144, 72, 40, 90],
		[56, "WEMOS1_D5", -2605, 1605, "T", "DIP", "WEMOS1_D5", "", "O", 144, 72, 40, 270],
		[57, "WEMOS1_D5", -2605, 1605, "B", "DIP", "WEMOS1_D5", "", "O", 144, 72, 40, 270],
		[58, "WEMOS1_D6", -2705, 1605, "T", "DIP", "WEMOS1_D6", "", "O", 144, 72, 40, 270],
		[59, "WEMOS1_D6", -2705, 1605, "B", "DIP", "WEMOS1_D6", "", "O", 144, 72, 40, 270],
		[60, "WEMOS1_D7", -2805, 1605, "T", "DIP", "WEMOS1_D7", "", "O", 144, 72, 40, 270],
		[61, "WEMOS1_D7", -2805, 1605, "B", "DIP", "WEMOS1_D7", "", "O", 144, 72, 40, 270],
		[62, "WEMOS1_D8", -2905, 1605, "T", "DIP", "WEMOS1_D8", "", "O", 144, 72, 40, 270],
		[63, "WEMOS1_D8", -2905, 1605, "B", "DIP", "WEMOS1_D8", "", "O", 144, 72, 40, 270],
		[64, "WEMOS1_GND", -2905, 2505, "T", "DIP", "WEMOS1_GND", "", "O", 144, 72, 40, 90],
		[65, "WEMOS1_GND", -2905, 2505, "B", "DIP", "WEMOS1_GND", "", "O", 144, 72, 40, 90],
		[66, "WEMOS1_RESET", -2305, 1605, "T", "DIP", "WEMOS1_RESET", "", "O", 144, 72, 40, 270],
		[67, "WEMOS1_RESET", -2305, 1605, "B", "DIP", "WEMOS1_RESET", "", "O", 144, 72, 40, 270],
		[68, "WEMOS1_RX", -2405, 2505, "T", "DIP", "WEMOS1_RX", "", "O", 144, 72, 40, 90],
		[69, "WEMOS1_RX", -2405, 2505, "B", "DIP", "WEMOS1_RX", "", "O", 144, 72, 40, 90],
		[70, "WEMOS1_TX", -2305, 2505, "T", "DIP", "WEMOS1_TX", "", "O", 144, 72, 40, 90],
		[71, "WEMOS1_TX", -2305, 2505, "B", "DIP", "WEMOS1_TX", "", "O", 144, 72, 40, 90]
	]
}
}